,C 205,GEORGIA BALLROOM,C 101,C 102,C 103,C 104,C 105,C 106,C 107,C 108,C 110,C 112,C 114,C 201,C 202,C 123,C 301,C 302,C 109,C 203,C 204,C 206,C 207,C 208,C 210,C 211,A 308A,A 308B,A 309,A 401,A 402,B 401,B 402,B 403,B 203,B 207,B 208,B 209,B 210,B 211,B 212,B 213,B 214,B 215,B 216,B 217,B 218,A 1,B 1,B 2,B 3,B 4,B 5,C 1,C 3,S1,S2,S3,S4,S5,S6,S7,S8,S9,S10
C 205,0.632676515,6.11120585,1.861035635,3.621339178,6.619354796,9.860231894,6.859864486,3.588975753,1.152382716,7.746546647,6.11212125,8.260365191,3.619996737,1.03538376,0.90381682,6.84038943,3.819071218,4.148862902,7.082010639,7.815438266,5.633638857,7.523161899,0.307983425,3.275830619,6.443746593,1.280873005,4.409214911,5.442324343,3.120315073,5.072809477,8.901931309,9.512707945,4.200002039,7.275856557,3.356697963,9.235163829,0.854329439,5.570550117,5.818266073,8.603376595,6.577853741,7.709000469,7.643787427,2.231118508,4.495623294,9.205232536,2.348944672,8.462116311,7.765987539,8.977510747,5.366271641,6.870430683,8.674933762,8.236170681,8.625752132,6.425121562,2.165220764,3.864340847,7.483734053,3.177271178,6.448724335,6.017746703,2.935613035,3.195498958,6.352824766
GEORGIA BALLROOM,8.241401686,6.527977216,9.268861053,3.132680011,8.387911242,6.120454327,5.258104872,2.672057216,0.024425582,8.60739775,4.328448713,2.376375949,7.907357069,4.826477166,8.830761459,5.085215785,1.164411458,3.822739677,5.654614506,3.567910837,6.238697103,0.620415776,9.888674149,2.341587173,2.522337831,8.483972961,1.470119252,4.652318437,8.386608848,6.089236095,7.45862002,4.749936919,8.77761928,4.235715862,6.467001713,5.238085693,4.2211517,7.344986217,5.029126976,4.486834642,0.861659605,4.898059066,9.095116645,3.293997829,0.768490371,1.844814445,6.799941006,7.183827124,1.776283262,0.720659138,6.380576498,6.463686085,2.302393651,4.388312001,9.299591777,9.297388908,8.459582556,6.857985582,7.121684279,8.705935845,1.696399034,9.432803932,4.935604566,8.014223412,4.878262442
C 101,2.980853409,2.306761505,1.207214918,6.838178696,0.582167066,2.268841747,3.041613056,4.137004894,9.163452919,4.747395919,4.895150678,3.627134153,1.032870416,8.913465759,5.17684693,1.456917993,9.921946235,9.255613712,4.679461875,1.046523455,5.232227269,0.041036725,7.420376705,9.545063241,8.063474181,4.203051116,7.833962913,5.07386716,2.438830552,8.210784048,9.657291503,5.000909857,4.256070025,0.470908881,7.611431181,6.680509248,4.430488659,6.893778664,1.233019249,2.206086945,9.574370157,2.067128849,3.075478998,4.953269728,5.257168467,8.27261274,3.074065742,5.485211204,8.736292938,9.423662686,5.656877602,9.120136141,3.222565672,8.801015416,1.908969321,1.365521605,5.250935854,1.958559192,9.676112453,0.91110698,0.745449323,7.571119886,6.329748711,2.562781762,9.029841281
C 102,2.527852527,6.036766112,2.277284959,2.097693607,7.835653314,0.009868913,4.624150982,2.736868928,5.82886445,0.712174827,2.220025724,3.386588709,1.342250313,8.056340028,9.717384507,0.575967114,2.514758471,3.110204712,8.780417775,2.560960196,1.927614518,2.145838157,3.559391844,1.804873587,9.1129942,5.886931365,8.658977607,7.090747475,5.589783182,7.75178024,1.724725125,1.309463506,9.64513885,1.761447121,9.334914474,5.80138858,7.625359034,2.089251607,8.332254062,8.337182795,9.746399424,9.422249557,3.328500484,1.729180478,5.241677753,0.392683061,6.633660473,7.40309625,5.202750967,8.737789228,2.118957085,0.663030545,2.425891685,7.993973606,6.899043899,4.152195339,3.311083224,2.967059867,4.414508769,5.016256273,6.348136967,9.024559028,5.189902082,0.584326806,9.592249443
C 103,6.697999632,6.561068688,7.199911559,4.56526729,2.979399299,7.425497489,3.337332964,7.492329152,2.217284826,3.256665896,3.530750675,6.277515402,3.488297613,2.604347779,1.849370938,6.978363315,6.500617536,2.989339929,1.181862054,9.110519551,2.509512394,3.725540957,6.14116227,5.058087225,4.262104737,0.004912358,3.050409652,7.509186697,5.761103155,7.971873357,6.936305804,8.43138613,7.066592787,7.006830995,8.773766327,0.82091221,4.126175103,2.393737371,0.900100007,9.160983524,8.30764653,0.687570964,9.693871766,5.168962023,9.150967975,8.112861194,0.026515778,9.543736398,1.636482936,7.452522633,7.588803271,6.976423538,9.985287852,4.51062776,4.291437464,4.776305685,3.025640918,8.579863177,6.679957802,0.452032551,3.637230017,3.918685288,5.013119861,8.401618053,9.457708686
C 104,2.993466333,6.553787452,1.19400871,3.90209925,9.200902252,7.055062882,8.013506767,1.878513246,0.883117482,7.154132679,6.994253027,3.817739972,4.007819951,5.533434352,2.179204589,2.48694391,2.71984099,0.498817092,3.774715599,5.715324527,0.124375931,2.006200203,1.711416834,6.366006297,4.465419295,9.412122245,1.254846574,4.173953666,4.274709187,4.906112854,8.634703042,8.833605115,4.794969343,9.449401179,4.732030103,0.077654185,7.990554314,1.0311317,1.640692897,3.882455176,6.28306475,0.058757268,3.263938041,6.318507575,1.167200946,6.740638496,9.752748656,9.431320087,1.542534764,6.692062174,2.824308605,6.061300143,8.818593573,6.490972297,6.113658784,3.045254754,5.251762637,3.025119975,5.167583092,6.337951321,8.556966593,3.068842678,9.823615703,8.76301336,8.243907781
C 105,4.452508765,9.245212489,3.859869332,8.179070959,3.284464818,6.248422369,8.997856423,3.067922085,9.571357986,0.070044463,0.98121647,2.630693332,8.095381718,4.353337674,0.821980106,8.934234288,8.705977112,4.857476727,4.914732275,0.540658742,0.886883847,5.451814154,6.889810251,5.739767305,5.895017298,7.118706121,7.96633736,8.102826735,9.406590698,7.961842121,6.653654334,2.036367134,0.105267055,9.871314652,4.450075916,9.143966221,2.048016946,0.58141007,3.683861808,2.58897349,8.442651558,7.534643732,7.942205058,1.291198117,1.494452443,8.953755138,0.626597619,1.611454885,9.61370491,0.795541536,6.227448159,8.743708848,4.749460048,9.815150533,4.672031329,0.889421451,7.765747866,2.772150637,3.570061703,6.569609915,6.779299945,9.643511418,1.703037421,5.212101182,2.30242856
C 106,4.753286181,1.817870772,8.835258749,7.214519131,7.87395467,5.74153459,5.852620083,0.241347116,4.5711702,6.237181606,0.006740957,3.609271349,6.666840051,0.840474017,1.39539158,0.581146185,3.60333303,7.218703325,5.5015175,7.773661433,5.06345137,1.046269643,9.344249709,7.75859946,0.662479063,6.2124019,2.936654247,1.080590464,9.171641544,2.837017565,6.577698897,5.081168854,1.017425173,2.198660769,2.932069886,3.523451424,5.206425852,2.272422314,2.380290202,8.164196979,8.635307375,0.017629294,2.439894089,2.170463027,7.132892555,7.185099936,0.38828999,2.217340006,5.118972793,3.346181958,0.776432335,6.534164767,7.755406846,5.25064676,4.649486067,6.27616608,4.413654201,2.176547545,4.185084493,8.215600864,2.891197982,3.836211426,6.214715568,3.1781296,5.665510593
C 107,9.361110328,3.336404332,0.563431847,6.864319142,2.433135673,9.873459804,7.46530213,3.230962779,5.442051779,2.382358037,7.120836782,5.736935364,5.857240894,8.400285251,4.66725158,5.061876343,9.343162565,6.673413835,7.302231506,4.977985026,5.125650822,6.65043929,8.402112099,0.773151793,1.240612807,2.697087696,9.104189227,5.25005782,2.689499129,7.468386532,7.684599919,1.940839463,6.855182973,3.034211544,6.6607086,1.741297545,2.875971094,5.985178348,0.604095631,3.663849553,0.640835263,1.70836212,0.781646167,8.191023869,6.638458244,7.256152088,7.697897963,3.924521346,7.203531801,6.948252529,5.158710886,2.501315073,8.747249395,7.856550115,5.117452035,7.785865459,3.62270084,1.683476403,8.583608129,3.128107646,8.850914064,3.77680079,1.30998225,9.485756815,7.259169523
C 108,2.461787768,6.988853882,7.786238769,6.912530766,8.313731581,0.294297068,3.573306343,3.900513775,6.251989374,9.0187468,7.982909031,0.081620164,2.625129912,0.820020087,7.793508644,5.607819675,7.57193661,2.810673137,4.970517235,9.199961713,5.284276918,3.203207938,1.44089214,8.088599612,5.329935461,0.352126961,7.916944221,9.198128294,1.101573745,9.50804054,3.470674479,8.574762832,3.336305116,1.020245415,8.43900923,8.944310542,1.774805707,6.639818911,6.438787959,8.476371981,6.676039782,7.081251524,7.812897055,6.443593844,9.726815813,1.544029697,2.767730616,3.327569693,3.567021423,3.517222148,6.356546304,3.524658641,8.931971816,1.809782579,1.805729421,9.633810799,6.634816872,2.430440608,6.930064385,8.404611776,8.973425716,2.509919281,1.216918322,8.807964802,6.754928729
C 110,3.378138545,6.517557068,3.871020981,8.101040354,3.047787456,1.537310903,4.3375567,5.8788248,5.670784133,3.847482109,9.607406127,8.115783134,3.207324509,1.682163522,0.237633465,8.66820451,0.816237737,6.335829194,4.660824012,8.742910146,5.923717537,9.765886158,5.59481532,5.727219733,7.297611276,6.791726569,2.705403518,6.532265065,6.548505929,4.130266499,9.02561921,8.544609192,7.546161163,5.517189183,3.806401811,8.895714092,3.855067421,3.322695878,3.523777105,1.045950463,9.001241882,2.547796127,2.213334715,6.061506401,3.273909832,6.175499985,7.952373963,4.208091658,8.542455224,1.209007759,1.867824104,3.071858105,6.876033624,0.05756224,0.197692933,8.768732456,4.281218462,3.54250447,9.144858444,0.633559495,3.172227495,0.412066165,5.678633554,7.389880758,4.230514111
C 112,8.552155716,6.806977462,5.236577974,5.285394745,6.406552387,7.121692121,2.29656758,4.859678793,8.116502841,9.25318777,3.629950454,3.179421075,2.881449705,8.876175942,8.384318111,9.114560872,5.902122239,4.153682995,2.176084909,5.735166177,0.237077318,0.418137864,4.018601194,0.500867257,8.164396528,0.304587806,1.211182757,6.243299722,1.736593356,4.165000597,9.453962274,9.434001333,9.18089956,8.428049012,6.918789415,0.148903196,1.014206797,3.968678106,4.475002367,4.709404914,1.066415988,5.362665196,2.469402716,2.951710671,3.9401489,4.297967434,1.906834315,1.047166786,2.638629606,8.945850639,9.51438608,2.657685928,7.290824915,8.963413791,6.404821956,0.869705932,9.818239526,3.166584953,9.769256171,8.399559532,4.807195718,4.945934728,1.968812294,8.686746399,1.775193449
C 114,8.977180277,9.329483403,5.463604177,6.28333568,1.311352338,0.476940356,8.281681006,8.706802144,3.220415709,8.619583614,2.997731829,5.782838886,1.699023744,2.784691751,8.126037449,6.774423818,0.989102179,3.484441922,3.683610484,6.655692636,4.975384821,7.249627702,1.380864556,0.341883009,8.926365671,2.680894125,8.961464717,3.117127073,3.490428449,4.873848951,8.092287258,6.659685925,1.230564499,9.419562367,4.521640447,0.881911014,0.593260257,3.697300961,6.718389695,3.076072225,1.020163866,3.797270507,4.454948713,6.268738574,2.162332121,2.71688393,1.922144005,6.157519579,2.379043678,2.875577695,2.186750688,0.636692073,8.433475735,4.323605986,9.258176407,0.654421109,1.835596679,4.881528146,4.920654485,5.154166537,3.368167751,5.783814899,0.737436817,8.239347021,0.931303232
C 201,9.443425378,9.325460773,4.902920524,5.219834309,5.152379016,6.251987744,2.638080372,1.647120301,8.656184653,8.073541658,2.610536398,7.059789138,0.821757433,8.550183653,6.655871209,3.702139069,5.915809971,5.720238404,5.874287883,9.598897062,9.379488322,2.519386443,1.436460339,8.74548119,8.207130862,7.454917405,0.836015326,2.163370028,8.00129448,9.708350256,3.005161314,1.39179345,6.627960615,6.330765181,6.327082094,1.35523629,9.857408499,5.66727912,0.67963,7.150658004,3.758097247,2.900512285,1.593629088,8.529370012,0.46190004,8.365226048,7.84719462,2.739375139,6.095037363,5.267766034,5.304957848,8.519434598,6.011303351,6.56396606,9.177288388,3.630160378,3.528303288,1.41788848,4.383822042,2.325592851,5.515843054,0.868184522,6.681127208,5.974540827,8.796994505
C 202,4.245264642,5.808261244,0.701925947,0.33030124,2.574454563,7.613286195,4.283976218,9.256176049,0.900243666,7.911542537,2.584120321,9.274141619,4.471998919,3.700667272,1.845053657,2.973975429,1.64780496,9.199879576,3.974947488,4.751813971,6.312916045,7.753431723,0.54630866,4.579926689,3.099200203,2.885278153,9.373262473,0.499602154,7.996292341,9.362446096,4.053382725,1.783478412,6.544059051,6.031099876,7.451458735,4.523255609,6.830900429,4.279913024,9.873245445,0.961474326,0.702362871,7.237791073,9.29463893,6.335110308,4.251539912,5.000419356,3.316527153,3.383942113,8.006190551,5.137220428,0.384523616,5.436487512,7.828829835,8.503245728,8.27694217,8.241931275,1.812803486,9.452429348,5.439092421,2.183702892,9.953683688,6.108903723,0.566867954,2.956391952,8.890403937
C 123,3.157890583,8.436770186,9.823044425,5.086563199,1.014456686,5.6795306,8.79005477,7.919254545,2.539212929,0.205602029,2.942835293,0.450404193,6.252202535,0.136219967,0.922120392,6.946532329,5.397342214,5.204988245,4.077577311,2.995951384,1.660616294,0.099244691,2.694990072,6.941223116,7.068073529,6.372626497,8.575809787,7.541383782,1.276775811,2.994958142,0.891366416,1.7107472,2.923256221,5.134203077,9.357174987,4.574537177,9.729727354,6.88057228,1.352764477,5.777843663,8.037100936,7.888681383,5.405542489,2.523856652,5.736805702,8.627081364,8.720573776,2.081823483,4.070196697,5.323517622,6.402363994,1.904607921,8.314006124,9.343799692,0.194928536,1.260735043,4.032890652,4.709090862,4.575238944,8.364599706,6.94330654,9.844618864,0.700732173,3.70613346,9.75359774
C 301,1.91035508,9.256176191,3.89998691,0.232014794,1.901251555,3.785293785,2.203255468,8.343678565,4.827499729,3.418785034,9.784629977,1.638348105,1.279674402,7.980126242,0.761009894,8.152924028,4.02751969,1.856649807,8.585826197,9.105138901,3.813397181,7.170229813,1.814988656,9.664441998,8.870902918,2.647684344,8.242149007,9.149157586,3.376457181,7.075185743,8.48335727,9.334312244,7.275732713,5.725680793,9.245259802,9.990475147,1.696612793,9.936014361,6.254410293,5.253473935,2.020812971,7.489812384,6.042080961,9.488451126,0.65962918,6.023590248,0.207006204,7.379281282,2.904607581,4.50454217,5.146031119,8.365560983,4.891592336,5.847954135,3.067687014,0.782832041,1.860329989,6.440887851,1.069748073,8.283558298,5.642070305,0.589237222,2.450559748,4.0238252,1.898050717
C 302,8.523220299,4.074112831,4.81860387,5.596411277,1.932626567,9.129659218,8.213831117,1.432281885,8.81919603,3.178733551,0.8240541,0.453736931,5.325582976,7.794710442,3.946463022,1.23780841,4.112374941,6.521040435,6.932342174,0.454262885,4.180253413,7.018851673,1.860832647,7.675887062,6.454227029,1.95392646,4.280640497,5.040868744,6.686698811,7.090200682,5.6533381,5.842819999,2.916254621,4.452794188,9.15178454,9.595216308,1.270660427,0.608263136,8.308227214,4.617081503,3.066958534,8.531852704,5.097194494,8.77432763,0.183347545,5.130088167,8.736337154,4.340276341,0.802551033,6.331392334,5.099557025,7.639919748,0.467500439,2.554540909,0.419693738,4.145542583,5.30485225,3.743012645,4.743615945,2.115882302,7.704985643,0.185810392,5.200831931,7.113969584,5.164883312
C 109,3.137675084,1.305781817,0.946357599,9.604182977,8.696062326,3.234243274,8.842521274,6.546947143,8.011490158,7.457989615,4.775130453,9.641647447,3.929926329,4.967075018,5.784523593,8.875509969,2.175459704,0.563341216,0.279377216,7.190361432,3.596266369,3.95157281,5.47104273,8.236111186,5.099055665,3.563597015,6.888378677,5.504766358,2.844326154,5.097868042,1.419841672,3.438670192,8.14358334,3.739324351,2.686914338,0.785220436,8.13133372,6.920791738,7.122523486,1.065866439,1.127757755,3.048920861,0.191366293,5.846820835,3.138465201,5.506381982,1.433978507,5.52874395,4.389649071,5.295961132,2.517582577,3.127022102,1.793492063,0.650142165,5.744218589,3.385494763,2.27901298,4.568768038,2.800040556,5.443502151,8.067019537,2.357763394,3.602200929,8.546388837,5.372469548
C 203,0.410301964,9.134532123,7.836434595,5.058715634,6.80020209,2.486935181,3.884804523,8.476914426,2.212225577,1.745901102,2.766179765,6.753154132,8.570542213,5.235779786,7.418321714,7.372826789,6.474335545,6.522408959,3.733252621,7.392837599,3.411331714,1.584027793,7.20948002,2.302293185,2.650077266,4.321274224,4.590958204,8.66836653,0.388354146,7.100928552,9.713154757,7.289002979,8.450488748,3.183680367,6.371662995,7.158249873,2.078751806,9.180615644,6.466165283,3.298227842,5.85352466,6.48554805,5.827544448,8.153539394,1.487647371,9.199987018,0.929132383,5.595001022,5.395853724,0.644867062,5.267642097,3.457478511,2.741074284,7.112349209,5.809725398,8.543406848,1.575418294,4.392059133,0.103663741,1.494594648,6.940897703,5.762844886,4.680005068,9.72229779,8.272868853
C 204,6.419955736,9.259890116,9.580759695,6.564323359,5.222232818,6.630327405,5.388514892,7.673443468,3.65387023,9.870824538,0.436929645,2.932700628,4.614443387,5.926841099,2.086458456,5.781636684,8.767616438,0.5245355,2.58298356,5.896918516,5.303790415,8.251310487,8.098187948,1.607938508,4.137498476,7.984416649,8.269394162,9.271767604,7.483802633,2.030880017,1.78477511,8.831123689,6.632064284,6.161303551,8.74608967,6.730779752,1.217998953,3.179475175,3.770511637,1.592193791,7.126591142,0.88159028,8.366236883,9.546262266,8.634151899,8.14105508,3.524481484,8.306394492,8.651065391,9.335344437,5.294011529,7.090508367,9.782720033,2.2246627,6.241039621,5.912200788,2.187786241,7.261199986,6.729535231,8.479330098,9.739762141,3.288424031,8.555007702,7.160469305,2.901121814
C 206,3.199885718,2.458502371,3.289534991,7.623861947,6.13430616,1.703264158,6.979803922,0.441339847,3.483141106,3.910642358,0.133807027,4.540690587,4.204930396,3.691358642,2.466298299,1.356357034,5.045775621,7.736371106,2.866211996,4.797040452,7.053500322,6.131156397,2.8186307,2.935498894,1.395634716,0.676299891,3.232348742,4.454630848,7.817425284,8.147170511,3.188800495,6.498486134,8.003584873,9.287712263,6.931345194,3.413259323,9.200397262,9.980021267,2.384185775,3.48125477,2.755625882,9.661468114,0.010929173,2.41517016,8.750028891,6.746655185,5.593859419,5.705680508,1.266875112,8.261670989,6.734818133,8.004377066,1.221908444,1.685413689,4.261810948,6.457563409,4.001766157,4.677832133,7.578994202,9.725298547,7.619484831,5.553285587,7.91581409,9.453776074,8.786655598
C 207,8.871291553,1.845298199,6.159606256,6.89057731,3.944892423,7.967783629,3.430560077,3.541185772,6.29787442,5.601220586,2.887849312,9.111183794,8.99054441,9.46713717,9.423643041,8.445827704,9.778576194,4.783880563,3.355550597,3.791141855,3.25721457,4.621338806,0.791943514,2.191686345,7.815372785,7.196645161,8.206257565,4.287732024,9.568485712,6.18361519,8.946397982,4.642544643,6.373203814,9.278654964,1.541489751,1.567161277,6.340488015,3.274142818,1.919638565,6.683702673,2.235619944,3.403340683,5.26689444,6.519237635,4.281544067,1.181733588,1.909153577,5.261857283,7.03687966,7.803513623,5.002603183,5.966337689,0.389996551,5.1845608,4.919766366,3.090758507,0.2737603,2.434346463,4.683451045,8.452732026,1.451543749,7.394120789,4.316620878,7.445739399,4.702259919
C 208,2.322932804,4.514763805,5.955034506,8.611424339,2.607327777,7.357487541,6.883959992,0.001775289,1.096063557,8.399388863,3.64173222,2.941275732,1.36637264,2.261042477,8.947521206,1.565356977,4.407603569,0.272618191,8.148543944,6.397716434,7.795338135,1.453380126,5.206039425,9.820544142,7.607099594,5.956802258,2.119929295,9.134172604,1.572123757,5.398521503,0.5429763,8.597821239,7.365780777,7.620581176,2.425165123,6.073371269,0.85573395,3.61600835,0.572609504,1.350027521,7.04041707,2.333899303,5.518796993,9.726065561,4.068325508,6.23881847,7.348233512,4.968659909,8.646452899,9.444297195,3.936802428,8.35428415,9.681456402,9.837285212,0.746656236,4.058381922,4.048065313,5.926114663,3.342953934,9.782564366,7.383109504,3.580876364,1.974430193,9.888248338,2.118794639
C 210,6.488158174,0.601445743,4.826267986,2.861908789,7.481309925,5.688634675,1.57986801,1.376465802,4.392823398,4.398011539,9.550548349,9.621642442,1.154448874,1.635545588,0.908563516,7.568145524,3.327284464,8.322775231,5.526145909,2.740718616,4.478494584,6.4520244,4.117208286,3.795556461,2.718020372,2.124936735,8.292305592,8.73921978,1.203618528,3.236464983,6.829993103,9.592284359,1.641310458,7.486031315,1.394278787,8.410507406,9.337513019,4.038996476,4.881279083,6.543633008,1.686099578,4.433796924,1.007276108,0.738133707,0.636727528,4.566599931,1.06730555,5.985800862,9.153465386,2.655425423,8.002616865,3.352337071,8.009255934,5.141634071,6.948640536,4.329591036,7.902666981,0.801988059,6.677895241,9.52474075,0.01732821,8.644402042,4.702265445,8.062767227,2.267514326
C 211,8.008655748,3.488577068,7.310287481,3.69099277,0.544817997,7.075276525,5.396944165,5.553050401,8.156691315,9.68114503,3.621911737,4.458758077,5.835947164,6.632404973,0.631595849,6.347547754,5.54645624,7.349958244,9.725893912,1.149456512,7.698257162,2.820124241,7.457348501,5.947845876,2.083962767,3.787598097,4.955264515,0.388026701,6.918247919,6.90299666,4.846595194,6.60170713,5.599623614,4.441696555,2.03153664,5.932019735,0.51115862,4.015056409,5.917119667,0.03601903,8.938090721,9.402867486,0.708822523,2.029344117,4.419623328,8.247114208,5.523309222,9.071965248,7.313620192,9.217791116,7.379020337,3.692305061,1.507449133,6.729789332,8.625434374,5.576333161,2.462236408,3.078353104,7.902072138,6.633844587,1.75239412,8.905473847,8.374334955,1.011920849,0.031574116
A 308A,0.958313743,0.971811476,2.012312273,6.480495603,2.142858829,5.428250106,6.385070332,1.193277133,9.968554221,3.866290655,4.781474405,9.958130203,9.870422159,7.65254259,5.120795987,7.507993477,6.617344457,4.850594526,0.080769281,3.094947246,1.142656553,6.292567764,8.87545702,5.021577655,1.821190108,7.535361607,6.075313047,0.345507209,5.796626203,8.053123817,3.631236877,3.779954134,4.883093437,1.192787314,3.970612333,6.849888728,3.078113867,5.087845846,8.934240554,8.238065434,8.458072203,9.817745532,2.292236761,8.972908024,2.893282678,1.479489654,5.110508812,0.044286202,3.679389246,2.437533145,8.262595453,8.980842733,3.346022682,9.530983405,4.988993696,4.725070245,5.7878498,3.405252948,0.451302105,8.940010714,2.342583659,8.354432277,8.648619602,9.748856553,8.883301858
A 308B,3.184394741,7.040095808,9.063123234,4.632873751,1.684824953,9.664974751,9.618292041,2.965036884,7.679357351,1.981039183,5.33146906,6.818841389,5.757787736,9.147622078,3.598337941,4.592854292,2.739771671,5.801529698,4.171390166,8.928902082,3.398450249,4.343044611,3.1523995,6.204419206,1.74681683,5.350130715,6.832300498,0.263534721,5.743206397,8.087147029,2.896199222,2.518757436,7.163444569,7.76872528,0.312279444,9.690106777,1.460239493,7.818643681,5.738518884,6.979919337,2.419867359,8.647823756,9.26756291,5.929859901,1.929671089,0.715915209,7.456985388,1.827515656,1.659945006,3.306481139,1.928008336,4.815097409,2.757903057,8.455562375,4.87465151,0.05510956,8.329723229,4.677181715,3.743542591,8.42318559,1.512466222,8.235002599,8.137388207,1.271536166,3.041037237
A 309,3.404631997,4.394181289,1.883714045,8.429599544,0.503352474,9.661334195,1.280748704,6.184341049,8.694289495,8.199140137,6.054160005,7.010067772,9.54097364,0.041811287,5.162698536,5.518308022,8.421570904,0.12833373,1.981241743,0.523955695,5.017106798,9.441669032,2.121075876,5.849707953,9.37535748,0.819504632,9.58250373,7.036568737,7.498014367,7.165283808,0.387697674,2.914061265,0.295597088,2.84627735,3.81087552,9.079205932,3.852696783,0.427529649,7.924610598,3.784632535,0.068063939,1.061347808,9.006229973,3.469649703,5.835396596,0.718103078,9.622764012,2.052198437,4.259858147,0.6277632,8.274381857,6.409298034,0.423110585,5.003118288,6.297653794,3.344179841,8.516908276,7.859500175,2.545322361,1.863992394,2.467210601,8.2534462,2.3559829,0.056345244,9.90220984
A 401,8.205106387,9.307044957,9.259234594,9.07084908,9.237865743,0.745946027,7.810120149,0.91341651,0.911547251,9.642787739,3.408118177,2.763381712,8.601945985,5.126758414,7.390981521,0.20663612,7.997020429,5.054204161,2.788522053,3.93295051,3.582037407,7.470876024,7.255875809,8.697609035,6.170517233,8.708445075,1.995723115,3.296967963,5.248090235,2.566667177,4.956910408,0.58363632,1.606056838,4.957547629,9.145354512,4.693468116,7.884101575,8.189728282,2.132016402,3.164697724,8.807102003,7.264073466,4.674337434,9.61448529,4.790264558,2.067941321,7.497836513,7.137595418,4.830467458,7.083310519,7.540034577,6.184519743,8.403689208,8.540377071,2.58134096,2.854470363,0.432930618,1.931610662,6.400740369,2.17026101,0.840264936,4.124604514,5.776892775,3.854848821,3.919356408
A 402,2.383872993,3.050130714,9.210529386,4.730897729,2.556396747,5.458987791,0.460028734,6.523536645,8.317114677,1.661854217,5.089492898,9.60103881,5.983775346,7.000831222,1.790086524,4.329265544,8.370839972,9.869729254,6.807937609,0.196045936,1.321551152,1.122846119,5.350903607,6.89326297,3.314540628,9.366524274,6.222247897,1.111182223,6.525798101,9.047034168,9.591262673,0.778818043,0.968337507,8.914943184,1.198605358,7.162809325,6.851374019,4.4465055,5.298463082,0.813836204,5.729878522,6.90092656,0.92258773,5.342910806,0.378453001,2.620799265,9.040495432,6.51118121,1.344886736,3.455449124,1.927320072,8.165948447,5.387296692,6.250123939,4.374629024,8.459243476,9.839971135,7.856178992,7.328387115,6.424276356,3.589578064,0.579337695,5.137058165,8.977240512,4.450618154
B 401,3.320419813,0.759128352,8.645912064,8.695007563,7.247052053,6.452867145,9.992577775,5.131383187,4.582144711,0.354623881,5.712122757,9.9006306,1.740371709,9.723719394,7.453356519,7.050020227,1.159157242,4.869124568,3.396509995,5.095051566,5.175452069,9.521381014,0.293125592,3.056460633,4.16050664,3.033924047,2.839704927,2.582999781,1.796961629,2.043494645,0.236950413,6.726683088,3.204017642,6.809387874,3.102191106,8.769684806,4.180038626,6.780820199,7.069000817,0.780505591,1.520673756,1.611631894,3.969594319,7.230253593,2.96093583,6.364085981,5.319510018,4.783964117,6.9586795,9.467361561,6.558187055,3.233256368,0.598219352,0.757716478,0.986666722,9.517894178,1.502142625,6.199361826,9.194805536,1.300982993,9.150328717,9.202791499,2.941438865,0.076421434,0.784010452
B 402,8.312430095,1.003114159,8.883826706,0.13189379,3.442497901,8.22704411,3.65551114,9.349231146,8.56166877,3.176161703,1.123706065,0.973023281,1.649236446,2.629730476,1.604399234,0.380631774,3.989359285,6.327900146,5.256092358,5.796458932,2.779476786,2.580836085,5.104685345,0.73411846,0.407285162,5.267921476,9.035075545,6.849590293,7.322669984,3.599372828,3.408851938,2.213819665,6.290872536,2.69866901,8.066070118,8.19280365,6.701837178,1.150362361,6.435190868,3.048835824,7.719404424,3.903037136,9.195212732,9.18129854,1.252364275,7.780242627,2.822136806,8.585889999,4.381823922,8.286464784,3.760152158,4.014528721,8.832946969,7.4032139,8.892715743,3.028772971,4.999957171,4.768408458,1.346121013,5.331667719,5.382176503,3.359507702,4.850703598,6.838508832,4.42183315
B 403,7.561626281,2.019299331,5.737379629,6.765480907,0.848715812,7.186356438,1.861655529,0.969186045,4.565663398,2.702951134,7.183035787,6.974988021,9.885667709,8.856612388,9.536007575,2.169398861,5.93955098,5.880391157,3.605460522,9.726505318,0.757772864,0.382597329,4.77569421,8.740656073,6.421699705,4.517466763,4.344899485,6.846754635,8.732330554,7.272121498,1.063953185,0.005938668,1.852820856,0.130435313,2.968518201,6.763338672,2.11914463,4.036049413,8.495618256,8.841502597,6.194238213,0.83226245,4.755519028,7.103562688,4.685403157,5.208595662,6.92888245,7.82413181,9.712825313,8.955927216,0.578971209,4.537555533,0.886006607,4.264850632,7.402524426,5.631650154,3.841140145,7.99114158,3.021307585,2.929299082,9.591273473,7.090986177,3.844693036,8.603274271,5.469956868
B 203,6.829446344,2.492011825,3.576349914,4.910299653,6.725127375,2.286189105,5.640791688,2.39789149,0.853454897,8.374373576,8.466243218,8.349801143,1.124592218,0.519139801,7.548054697,6.981981306,1.531289741,8.852913924,4.183185449,1.036069734,6.698546853,0.830138959,5.633700648,4.121756506,7.421111987,7.898043017,3.722265601,2.60981258,1.536818981,8.24840295,2.153674827,0.041489996,1.242399235,3.413831048,2.68601084,3.271872173,9.484560958,8.287249752,4.419144572,1.72188811,7.080485936,7.754324145,3.043320593,6.060268473,1.198394413,2.215316949,2.190839642,5.345904159,4.839241039,1.703862077,2.014663987,6.176801607,7.904281146,1.275479701,5.430433921,5.250202205,7.734717673,0.81780099,6.394364527,0.708575093,4.714758755,2.362661813,2.354983592,2.032891245,6.418866885
B 207,1.309801383,1.198203019,7.284610673,5.639204847,7.418412879,5.318932546,9.409738538,2.844714635,6.010028446,3.681884643,9.738669935,8.742881664,4.814240645,8.424839079,0.242090006,0.022546258,0.62506986,1.353376463,6.452120093,0.094881722,5.909442604,5.340202378,6.380779324,4.461173937,4.911248356,1.639733041,1.59621872,8.372009762,0.695358459,9.805956588,6.150248017,0.891976786,1.356121126,3.531214749,3.715941946,1.54342782,2.080606309,8.081087816,5.147667111,8.302358248,8.308533678,3.557174485,7.058858956,7.350250581,6.820139263,7.813020152,2.66482064,4.70027038,8.76935587,5.223766576,7.753135301,2.585700604,4.354451436,5.758295363,0.30884779,2.914397283,6.023008784,9.746885207,5.558728538,4.732964312,5.221196724,4.568873128,4.782468759,5.216480559,6.063383401
B 208,2.017913119,2.623643714,1.178049655,3.541574663,7.972271623,9.251839758,6.352887751,8.610792393,9.671445006,5.807315081,9.468967369,1.443384262,9.699708319,4.022218173,0.06772561,2.407481734,5.121070961,6.367294467,7.694613769,8.81151178,9.343697912,0.801413099,7.493600166,6.13960625,2.72871825,5.711830706,2.642676213,3.489879008,3.215872098,3.207092385,8.646193027,0.927182581,7.700865008,1.156347468,4.1561903,0.333092951,1.176789349,6.834142745,6.233886478,3.713967086,0.873616417,2.058967316,3.384887075,9.688397748,0.176349937,6.039557307,2.833185403,0.147996433,2.170295058,2.433552254,8.177789379,4.406580981,1.972642441,9.09039709,3.785379127,7.600466444,3.039955692,5.100784853,0.232402509,8.284248704,5.646341255,7.65871209,9.815796402,4.027022997,2.291826645
B 209,8.648719646,9.558055487,7.445821259,7.670659359,7.395242846,7.639695562,3.736782672,7.859932483,8.049171954,6.122362339,1.900063911,4.367891503,0.937774512,4.416705429,1.945411648,3.863796751,0.810598648,9.139098535,2.967126433,8.52839631,0.78793226,4.832839853,7.183587058,6.555395239,2.721250304,4.210488455,0.278857819,8.047474577,7.600060434,5.493907312,8.957016847,9.144602432,5.491879223,8.707983262,9.873949091,2.511318428,4.918115474,9.786758175,6.660788377,3.559532503,4.732148908,8.13965922,2.938590883,6.482681371,3.091129637,8.867888241,2.434607835,9.669482639,2.022844385,7.882121375,0.335366811,3.443925662,0.489510503,0.68481308,4.723871947,3.058670747,7.104516504,2.346853306,2.571161991,7.99538698,7.445639514,1.535621296,4.540132858,5.188036272,2.327696822
B 210,6.746552953,5.257911944,3.341974383,6.649253759,0.294956007,7.221276282,4.636616732,0.860473419,0.648433872,0.140723197,4.762010695,9.167610597,4.584884226,2.388149299,4.329443834,3.632370625,8.673852007,6.033300954,8.416986649,1.513733008,7.398643323,5.993028587,8.434406705,6.923526554,2.351972326,7.503085866,9.58745464,8.927190383,6.276398097,4.459271515,6.733682307,4.735514914,6.292852598,3.241709763,6.234635838,2.079949417,5.918156212,6.678790935,6.177174255,4.569277589,0.957934587,9.708951081,8.364860207,0.289294858,9.290522254,3.581160777,3.511650462,1.223279336,6.577710332,7.050220568,5.97976498,7.824422409,0.835516279,2.42894949,3.62742666,1.272744572,9.384479032,8.958538602,6.943053471,8.354974307,1.205130488,6.281695992,7.204210964,8.657265977,4.912323822
B 211,9.135210688,5.546715305,2.226942699,7.926958829,9.999265933,2.068960114,8.659801163,9.883613859,1.172999974,2.1472569,5.630566988,3.520129763,0.120858294,8.637341598,5.183660559,7.362326427,1.833322029,2.747928485,0.86401333,8.872678474,3.551321153,4.61324143,8.831755247,6.353610192,9.90514026,5.530955492,0.876811254,2.578785181,9.659787425,7.475046057,7.430957431,5.012056317,4.746647684,6.226911294,8.179840822,4.607422512,0.180805651,5.221439218,6.63242579,4.061776799,0.038365597,3.789511235,6.082641731,8.214281163,9.28947165,4.932418139,5.077584109,2.993646306,2.866616223,4.097757395,1.401368168,7.959638207,8.679249661,8.09238736,4.560407105,5.190456343,6.48066381,0.065279754,3.633230329,2.926480248,0.860026822,8.214554107,8.345622017,0.545173958,1.196527762
B 212,2.037360647,1.922708391,3.612736336,6.222864053,7.830913693,7.979558097,4.358294014,7.894457119,3.388567246,9.127855555,6.413871269,8.190924395,8.510855505,4.234137779,1.999904183,1.889995597,7.717260543,9.468484428,0.628172451,0.416927114,8.527284929,8.713899057,3.936472813,1.193623772,0.828503363,2.416159563,7.679068952,7.79352041,6.58180996,0.276123176,2.536756498,2.759063199,2.764776461,1.768909239,4.834105144,6.606847317,4.541716422,6.792607653,0.289114995,0.336483674,0.250354944,3.161305576,6.64559181,8.491268222,0.332590453,7.053127581,3.975732947,5.07121546,9.714288304,7.483700469,5.902526062,7.905194738,6.818814577,6.590039782,0.776324224,8.30464694,5.131791557,8.910134711,9.367221727,2.578942272,5.313661498,2.750030779,0.728791632,3.627778203,7.22256324
B 213,1.353607894,2.271362923,2.424366767,6.244785073,7.849405097,5.921591319,6.082124669,4.76884815,9.371748039,5.083654659,0.965928134,6.582006398,8.474378896,2.279018928,8.978707959,9.255360164,5.767497614,0.451501385,9.361277248,0.185355201,0.502566944,2.614249219,6.103680191,9.913917151,1.872126918,7.532964551,3.999924226,5.163249725,5.826288284,3.450245995,6.533768811,8.324605607,6.860607957,9.338343051,2.810210382,9.540970229,1.968527099,2.984499457,9.630484173,5.130494585,0.901693237,2.069430977,3.840105329,9.977865747,6.249258843,4.431649542,6.791914059,2.191409378,7.822527322,7.998605751,0.849899738,7.017370157,5.881584648,5.803602926,6.193820739,1.191425695,5.984623173,5.959407106,7.887123949,9.217876396,9.475294957,4.237901203,3.98033351,5.808833806,5.324885854
B 214,7.254064895,1.246670556,6.018013395,6.073200145,6.070262833,9.46866247,5.236935434,9.59542282,8.923600184,6.013853251,5.795908131,1.749729447,5.590852711,4.619062836,6.672044172,1.243118172,2.1162608,4.42006756,9.257816591,8.420888122,4.146395594,9.756629354,1.13259801,3.841073566,6.617606017,3.308346064,9.40361912,7.019787213,1.652755482,2.453061085,9.350335762,0.376684754,9.750660254,4.18510375,8.579078343,0.256241308,7.502153832,6.98627741,0.092707739,5.634139041,6.204645158,6.61907576,0.878362137,9.63818711,8.369191564,7.646232947,4.665986286,7.75992432,6.070244661,3.438228968,7.917382138,5.944899949,6.578778734,8.669606283,5.034042328,5.771337757,3.681935016,0.537379883,3.855712101,8.412288561,8.235167005,8.999481736,8.840416432,3.379215141,5.658203396
B 215,6.20260986,8.582276119,5.709526773,4.010562912,9.562884549,8.559018698,6.394793021,3.990314655,5.14210295,5.526749138,6.899353805,2.112932738,7.398987539,2.719417574,1.284685274,8.914716311,3.346395888,4.119441805,4.975451332,3.104489653,6.677114802,3.262093174,5.811381758,4.518201253,3.161774792,8.257974728,6.34741277,7.945758532,5.327520342,0.701606649,2.852934392,9.697238456,6.22680368,8.062050633,1.954311771,1.234690283,2.349164761,4.726987601,6.465345773,5.528843651,6.337059017,2.479152997,3.067471498,5.18504236,8.933082866,7.419245066,9.806630991,5.476058014,5.450192139,6.286772878,1.451340711,4.020869518,5.314414123,4.8942011,4.977211147,2.265951021,4.972233011,0.926611376,4.219164011,4.813042928,8.558879912,6.73800047,1.515207004,3.930142311,2.864770053
B 216,1.804365349,4.065821319,0.351339314,5.768179072,7.654440248,7.874413559,9.168788743,6.19531112,7.50428254,5.755772333,5.806726443,5.175849448,5.285167738,5.957938452,6.341044111,2.757636124,0.264997021,3.620099609,8.997779596,8.007248258,6.050451297,0.941121916,5.697383833,1.242222031,1.411522553,8.00745607,5.649410234,4.704192035,0.073455153,6.26707211,5.299012751,8.671918348,8.925927074,1.222905078,1.313904784,6.581362604,6.667619952,3.898542106,4.192659315,6.017941409,1.517504948,7.210062149,1.359291406,3.161680189,6.496262052,5.701661879,6.694097164,5.865026162,5.867181911,1.054509016,7.36476012,6.153240715,7.535475246,1.370288122,4.527128538,5.637213276,2.287584245,7.538782941,5.870825486,8.951373398,8.403874899,4.980447583,3.25437549,8.140497542,7.351979619
B 217,6.252586468,2.174519817,0.255975412,2.416530681,5.059279264,7.358766432,6.607803061,3.053286136,3.30861133,9.242742614,2.437374419,4.530987441,9.003755662,2.546654994,2.797339742,8.767728666,1.28581518,8.325789407,7.90047264,1.61871868,0.586489773,8.95362342,8.66042998,2.830959236,6.160945346,9.98350067,8.505006353,9.447326111,6.261674108,5.226922368,4.342775509,1.116892269,7.57224765,9.943320956,4.341370774,9.207918598,8.492391375,2.199755965,7.466245928,8.194976694,6.056663507,6.695718217,5.68161837,1.160014312,3.000365843,7.609547607,3.7306969,8.644996117,6.571026508,9.979746598,0.291019257,5.64234051,7.668535933,7.523704959,8.064238558,9.03445845,0.339652749,5.516194102,9.427864509,6.848292155,8.578732188,3.090874986,6.76887767,0.134026218,4.978972614
B 218,2.494933686,4.532819689,3.982150471,7.863669821,7.822843754,6.649473171,1.799698448,5.53953128,3.278328571,1.421459278,3.544758508,6.604472527,7.828582118,0.124341306,1.858035284,8.520717043,8.695328504,6.265072701,9.177534831,5.485144261,1.473409307,7.626743763,0.678227538,9.402146813,8.129524406,3.380831545,3.934039052,5.620136128,0.108998369,0.104166939,4.539901095,0.043680937,5.956887968,0.012571177,6.043032161,5.680208078,9.162395326,5.629050365,8.084195112,8.035364263,9.534312696,0.346853398,9.911043605,8.61003578,4.141279998,7.242939284,3.496075554,6.196347686,6.661954709,0.007801813,1.237402083,0.173301669,7.79452451,4.060253622,9.31339223,3.796494262,5.934743899,0.190308353,8.941054045,9.57187084,6.952538994,7.561752759,6.739074461,9.131895437,4.565678909
A 1,9.037276696,8.975589267,7.473640626,5.146740755,2.47850218,2.963743168,9.194851605,7.646310943,7.708107673,2.039159336,9.926304243,6.625994389,2.512899032,4.916205031,9.25713687,9.143162215,0.650358973,8.484069524,6.648504386,2.523068439,9.818154984,7.420411042,9.409736507,8.3092672,5.201225785,3.954239283,3.940670766,7.711599768,6.854069909,7.970110061,9.726252727,3.887611725,7.494025035,9.061689976,7.752923189,1.480697775,5.326858303,7.482484489,8.044452318,3.367925684,1.729372032,4.07061804,7.971949462,8.414124521,6.818100956,2.568480402,6.940311632,5.339052024,7.618584901,9.925075104,3.353143496,8.806779616,7.648463742,9.737409556,5.967962519,6.608075668,8.932202775,9.91086043,6.500803661,9.383747103,9.984430684,8.583546239,9.650585779,7.05167206,4.951640884
B 1,6.733611542,7.40938194,3.723404561,0.113984662,8.632990558,8.250471225,3.035185112,2.281740958,5.726784765,6.472041864,8.991616854,7.153514744,2.139777842,2.546812547,6.238260546,1.434610555,4.79266471,2.906775278,1.390941823,7.715099259,4.744027041,0.090882929,8.657541604,5.5359107,0.913246821,9.41532905,8.271822117,6.345825934,6.666562507,1.680659753,2.943060703,7.224263676,5.346889501,4.89179559,0.524117318,5.485523468,1.309302619,7.967188187,8.345917983,3.05995551,9.946792724,0.471992198,5.162669429,8.530783045,8.958779762,6.457115163,0.594972236,9.690345888,1.180397086,5.321321017,8.981895953,6.40786285,1.341723296,7.66024215,2.21806277,0.820293181,7.060277596,0.573998612,6.100349977,7.308626615,0.160228154,3.587865854,7.936457726,9.316941236,2.638336468
B 2,6.922749998,3.538793324,9.050635958,6.279918495,6.551645234,1.717835767,5.827334674,3.916013503,8.379673957,3.03136254,3.256185946,8.262867337,0.893830215,9.235143741,9.746281097,5.410058509,7.055975842,7.364652,0.160834342,5.853821232,3.394902528,3.65913937,6.214823898,9.310157741,1.938735454,7.433195564,5.5594621,1.634050481,7.178921643,5.026439557,0.362876551,9.884629937,8.456686277,5.846438319,1.739216818,2.21134085,3.695755851,5.569299472,9.245725484,3.316917608,9.671080637,5.547780065,1.604241845,0.393178266,8.683979993,4.488297999,5.736975408,2.054152848,3.273266072,9.313087316,6.699130388,5.634797551,6.673624227,5.729223637,3.78427513,7.53060216,2.783328396,5.280173501,5.266932197,6.572229394,7.680507275,1.752178698,4.6634358,4.867318986,7.731220317
B 3,4.413218029,9.501749369,7.149253683,4.902101924,5.933013073,7.286625996,4.000663157,5.206810672,0.558325425,2.514455329,3.588727919,8.638957223,7.933217183,0.520186477,3.338678973,1.548054429,4.531409363,4.801694337,8.412271084,3.246471568,1.342809921,5.747586129,9.973074994,9.578283397,5.370748699,2.221098251,8.309957437,5.163464127,5.308336997,0.744110955,1.357015652,8.23076361,8.991108101,5.105691187,5.811600071,6.326885744,2.791270647,6.20980785,9.296190961,1.153161845,2.572353753,8.147932553,2.167938853,9.92904578,4.534836909,4.284942707,3.795488065,1.747948752,8.945261015,8.756250644,7.699723138,9.140452653,7.593671196,6.029648367,0.369566594,5.38251558,9.581487183,4.055604339,7.452231182,2.017073581,5.553780292,2.678120696,3.69416001,3.470625731,6.847900019
B 4,4.122486455,5.512976187,8.895581384,7.175301316,6.911955069,4.043276801,6.480012435,5.353630506,3.317657091,7.888963077,7.654888144,0.300424643,9.034669271,0.908400064,1.237383617,6.491361024,6.881937985,0.219636251,3.833503128,3.576708342,6.685037579,1.209970989,8.381082193,9.387539582,6.227488752,5.372071933,5.451914629,4.787906797,2.818611243,7.79087421,8.21830526,4.370934312,4.380286923,2.490214724,8.688319889,5.953438891,1.345880572,4.211184602,3.701755596,1.165783339,3.396434625,9.344444428,5.931368548,7.522156585,2.313361667,5.699982426,1.742618382,5.247693079,8.635546649,9.031999843,3.485009246,2.838195176,1.541312413,6.536504035,3.910849874,7.697461105,4.751027459,2.786364851,8.835086644,8.009364741,7.29989897,2.551082386,3.057955599,0.486392241,8.006266065
B 5,7.511565404,1.296751241,9.164884498,6.316572955,6.256470313,5.155730546,8.905361748,2.872935789,0.076171262,8.560149896,7.287018074,7.336888869,7.330146647,5.432718672,5.557310996,6.752429798,6.394245397,8.266314078,5.021802698,3.288992014,0.624801635,6.116404648,5.430446302,6.617141866,7.496853889,0.289558806,7.630927977,5.859019352,8.408994913,3.945403102,6.470137164,4.638262598,6.342147058,3.856816571,4.353922452,2.202382895,2.442275817,9.032147851,4.233058162,7.034030543,6.125346806,1.947051597,3.433831809,2.428277246,1.785219514,3.594317471,8.067488589,2.608822315,5.895448366,7.305817107,5.043792908,4.658256463,9.817915343,2.357859067,8.650183571,7.022822798,1.827546769,0.579598317,5.86808101,3.565490646,1.750088545,9.429610408,3.21866987,0.815192609,2.103711093
C 1,9.656523803,7.80349894,7.897701869,1.205819362,8.296130281,9.816373923,1.987395968,7.539784789,2.386643683,3.253978542,2.039369236,2.008511624,8.828789555,2.165383752,1.727530387,0.113763826,8.439073229,3.102255609,7.63731316,7.369636035,0.877666129,7.657674998,8.076574343,4.467954262,5.32564508,0.640443978,2.539439101,4.704733758,1.161933922,6.359766374,7.432950068,7.528354905,6.90019444,3.524263877,8.117214785,2.401268901,8.824370871,9.034241862,4.740091176,5.907894717,4.523640992,8.848740639,7.42911877,5.088221901,1.853298164,0.233872198,8.90644319,4.382807882,5.771567903,3.435194242,0.031125671,1.896364142,1.288650225,5.024580422,6.212740762,6.887759894,3.992617616,6.82047891,0.093309952,4.02172852,0.33980444,4.882961828,8.898992222,7.108428215,3.518963269
C 3,2.952864278,0.665826382,1.019374259,8.476688728,1.088978751,5.783773322,0.55629883,1.849626579,2.395729799,4.762263303,4.938235265,1.377731322,6.307572355,1.910098253,6.555812902,2.034864212,8.284185449,9.002127039,4.034498253,7.347018082,8.955884533,0.466126015,8.752149375,9.118854947,3.150010011,3.345398941,3.408442072,6.133889099,3.459650065,0.608589386,5.019383999,7.089893551,9.442728118,3.973654506,6.313408539,1.445505936,9.69893111,2.448110948,3.680680558,9.564604957,6.401255886,6.483219518,6.298158685,1.705248748,5.025460422,2.896883521,8.786779752,1.063727633,4.009497948,5.975635389,3.897890365,6.975839186,3.063523805,5.475556801,4.296672025,6.7785661,3.534420951,8.021386355,6.353063829,7.124439648,6.023592929,7.122557124,4.733948383,7.432353982,1.706407343
S1,1.795964029,9.219653292,6.89650987,8.25871095,5.944996443,7.600324739,8.867244591,6.141055224,0.563454423,9.527935197,4.62228461,8.31088665,7.119147264,2.991144332,1.937728607,5.723363754,8.575920968,6.919085745,1.911460628,3.924882507,9.557791556,4.078412817,4.217170513,9.914549022,8.321693983,5.986509411,6.319606142,5.154897949,8.471089317,4.831023729,3.802085295,3.737422697,2.730138312,7.790056905,6.548988862,5.509083613,0.955591799,3.639477304,7.785367168,0.078751126,8.235403254,1.584521329,3.602033333,0.720797532,9.591234055,4.896338214,5.554175267,1.021833337,3.293536871,2.13819477,4.707567625,5.806343295,6.156453354,0.583988983,5.682275662,1.008349579,4.995209762,5.537568656,7.81824133,7.076965593,6.416360401,1.854520388,9.867598299,0.801845092,2.711914805
S2,9.561930948,2.525066057,6.10444181,9.636283099,3.825947456,4.648067128,7.631453067,5.137770279,3.968228652,2.500671544,1.22077703,9.602379,9.387317343,0.669374848,8.870010613,0.565560291,2.768475651,7.234992898,5.925530722,2.690556401,3.07583359,1.668159625,3.423512908,9.616443339,6.958151739,7.236335093,6.383889042,8.947890011,1.945679812,2.120919437,7.083078578,4.527224799,9.485092681,5.419712092,2.646915108,1.346059275,4.056610199,1.581284942,6.138092948,9.144131957,9.500925222,1.039929185,9.323078877,1.267719869,9.641758309,4.386234572,7.347848725,8.9399902,0.84293787,0.933766445,8.602205096,3.55147907,9.096704728,5.391645904,7.567373468,8.691610086,9.747493816,0.623332973,2.842214484,8.054272079,2.858603444,1.421425577,8.804879427,5.008993107,6.820649169
S3,6.574435211,7.538258025,4.956987839,7.128102215,3.323047327,2.793205089,2.568315559,5.273300095,7.225027951,3.280461228,1.962017675,2.969296869,6.293670086,2.935943743,1.114996017,9.443168825,0.825959164,5.762758499,3.058034732,8.438919041,9.773333714,8.814032226,8.093722527,6.825371877,8.543819994,3.888876761,1.103235545,5.102864931,5.881366677,7.546242461,5.086698871,5.928854466,7.339128581,7.584717571,8.840412767,4.156063135,2.692243789,2.009519752,4.79197466,8.673270156,2.723507375,4.93872198,5.281695348,3.657290781,7.008015731,5.593228481,5.320441529,9.824736774,9.813042495,9.647427197,3.762127013,4.811992252,7.290446839,3.512196086,5.028200697,7.935794463,0.039112665,9.896373154,8.558091619,7.206485287,2.043186653,6.068104771,4.613637698,4.909829036,8.939627928
S4,8.892654969,4.310984836,2.922868596,7.283753658,8.895943154,8.317106407,3.537987628,0.152322849,3.086664093,5.950291191,9.502647156,3.342856827,6.622852708,3.833532883,2.948597598,0.794652727,3.964080635,1.01202492,0.953067179,6.94716695,6.165486995,5.447552163,8.928563811,9.848278208,0.97692448,2.388262636,3.691783734,2.955607739,0.386965996,9.868806503,1.820201323,7.742650007,9.506478544,7.790738575,5.146064047,7.770588006,9.355162022,3.497190405,5.271743563,7.564413523,2.084156433,3.862483885,3.826095716,4.827859241,7.444003071,6.270261784,3.116811374,2.947135535,2.898923121,7.410874074,8.795572865,5.484105799,7.451768076,6.206665004,6.210930137,7.996840787,3.389503279,7.341554896,9.358353035,4.728876867,0.171042299,8.07559501,0.160420288,6.437956829,6.649298583
S5,3.330848031,9.786890377,8.815103206,3.070009542,7.042644248,5.788330545,5.839765257,8.169239123,3.609386606,4.605082866,9.834145075,6.81758426,4.386979534,8.126098916,2.703910257,3.335193216,5.283206706,6.085238461,7.2515135,1.430302633,3.28710104,8.170052922,7.469128591,3.287859225,4.702833567,3.148156353,8.65226014,3.779418167,4.643829626,7.918794803,0.001438882,8.143986298,2.483661782,9.169251725,7.522878757,2.277817826,2.061327383,0.625460374,1.813356323,5.166108866,6.813283797,6.527821973,4.864013235,2.509696935,8.002029013,7.592368506,1.000281611,8.384006947,8.750956771,3.9657437,5.682959899,1.67903909,0.844548742,1.69555298,6.601422066,2.542679729,8.025769404,4.62746577,0.870497239,3.004492902,4.488942903,7.074476296,7.091991611,7.758140879,0.937979292
S6,2.696943552,4.927064908,7.631120803,0.218276226,9.911470568,6.023947221,3.797192836,4.030649362,4.845301133,3.731805657,5.166604761,0.31491818,7.345692912,4.300084646,8.904995138,8.199907231,8.297883189,6.587706805,6.442170465,9.63756786,5.552932201,3.108731509,3.327160451,7.62847546,8.581435466,1.943127787,7.884823215,1.458553921,9.009317876,9.913532606,5.713126256,9.738158251,2.655567556,6.802049946,2.214706328,6.544642348,2.745942546,1.113499235,3.563082708,8.37632866,0.3419955,4.802782829,4.219743308,0.179318889,0.43041185,8.27080661,8.502360845,8.759423651,7.244400881,9.400425544,4.156715394,7.694932655,1.656774181,7.297963922,6.416801237,4.794468121,6.690845786,0.220111848,8.832721598,6.638316036,0.42793627,9.839120987,7.896023491,3.138909495,5.420311643
S7,8.653856246,3.01036745,3.595887249,2.567353703,8.606856826,2.288647396,4.811472879,8.036495322,7.105649904,5.184735273,0.368200063,9.830025386,8.571048729,6.165678354,8.386696806,2.390042576,0.285429264,4.861844203,2.656496983,3.297731119,0.190470593,5.261351822,3.115448476,7.24475658,9.810262224,7.962704629,1.121867171,7.626967883,7.035489308,1.413038779,2.416210662,4.015078404,0.758289926,2.857234367,7.385596656,0.077844209,6.707714002,7.403312125,5.914981972,3.816478734,2.581702183,1.276132579,9.494681535,7.117598556,0.417664392,4.471680235,1.094888985,4.411894851,8.37676322,0.965046732,4.842806334,5.363031307,2.990509645,6.251170259,8.977148328,3.365533193,5.62109406,6.554166402,1.347816489,3.623864238,2.207106824,0.106341172,2.596268267,8.115781121,3.964947314
S8,5.567612943,8.78415857,9.277426729,7.945375093,6.450960073,1.078554861,9.488878026,8.261335761,3.060568519,8.613215097,8.632618892,2.329596646,8.360868827,0.433666091,7.42561328,3.572925428,2.263848045,6.470757922,6.239826563,4.233548123,9.330186845,5.489058125,4.672015946,4.528985157,4.596976635,0.351209991,2.547159403,2.584687238,9.573326529,2.843631319,0.557665529,7.214809314,5.000811326,4.178740748,7.996923886,0.642731614,9.131471887,5.289804897,1.551186421,5.76030632,1.96377676,0.601358296,2.784937177,9.379750145,0.585720745,5.937478311,7.994340485,8.027919318,7.4467641,2.411241356,6.789174785,4.927743825,1.861466418,3.372140085,2.707312779,0.061337676,7.581737049,1.204063582,9.228095198,3.822478198,7.704777952,3.261775129,4.634274746,1.830526172,6.182091825
S9,4.348859463,3.18022019,0.178516198,3.83177662,1.077532001,9.252996427,3.383948039,0.418860711,1.608731333,4.415939856,7.446766752,4.758909893,7.854606162,9.163265239,9.338257645,7.052735112,3.154976108,1.019967219,4.418560376,6.010155147,3.498194384,0.941561408,0.366338534,0.655498259,7.372448531,9.775563646,3.615599256,6.630476307,1.405409466,5.620712763,1.09982591,3.101050628,7.321996059,6.5354503,8.178719684,4.400415196,7.280328981,9.040151824,0.55298596,3.738418827,7.189422672,3.622628011,0.891971591,2.574840178,8.299683072,5.467405876,8.527118485,8.45551977,3.105683182,1.836794071,5.298839516,8.289964506,9.806215379,5.036727522,7.66133508,7.854416119,1.62399121,0.596252374,6.805451834,9.557758818,0.505544312,9.807299547,6.326149461,0.936147755,6.574171371
S10,9.025082035,5.876661336,3.547326492,5.920798974,3.072166866,9.291131258,0.188140325,9.347083409,3.584946837,7.143555404,3.813047685,0.904160946,2.367680309,4.813042129,9.364260352,7.617804218,8.270919429,9.077421779,4.023493456,0.394014386,5.250058258,9.579310353,9.020043129,8.216974929,6.769549551,7.713923412,6.225005827,2.799460387,8.255576335,6.612504061,0.355214421,8.880061634,9.198349842,9.370925154,9.866590671,9.882829869,8.879071585,8.008193109,7.908928723,7.605695679,8.413593257,6.058609473,1.880164531,1.714365489,1.722954838,6.476121231,4.249480284,0.788147355,1.160844432,1.298071053,6.183918641,6.373682498,7.30663691,2.335376024,0.621342818,0.077575032,0.982191609,1.997846063,3.933950421,7.306200356,2.2823774,2.639209271,1.352468456,5.58354986,2.256379406